Timestamp_ms;Vision_X_mm;Vision_Y_mm;Voltage_V;Current_mA
28910;-1;-1;0,01;-0,2
28961;-1;-1;0,01;-0,5
28975;-1;-1;0,01;-0,3
28986;-1;-1;0,01;-0,4
29017;-1;-1;0,01;0,1
29051;-1;-1;0,01;-0,4
29103;-1;-1;0,01;-0,3
29135;-1;-1;0,01;-0,1
29173;-1;-1;0,01;-0,1
29199;-1;-1;0,01;-0,3
29237;-1;-1;0,01;-0,2
29262;-1;-1;0,01;-0,3
29300;-1;-1;0,01;-0,3
29327;-1;-1;0,01;-0,1
29362;-1;-1;0,01;-0,4
29394;-1;-1;0,01;-0,2
29425;-1;-1;0,01;-0,3
29456;-1;-1;0,01;-0,1
29485;-1;-1;0,01;-0,2
29537;-1;-1;0,01;-0,3
29566;-1;-1;0,01;-0,4
29599;-1;-1;0,01;-0,2
29633;-1;-1;0,01;-0,5
29666;-1;-1;0,01;-0,3
29696;-1;-1;0,01;-0,3
29732;-1;-1;0,01;-0,2
29759;-1;-1;0,01;-0,1
29795;-1;-1;0,01;-0,2
29824;-1;-1;0,01;-0,2
29857;-1;-1;0,01;-0,5
29895;-1;-1;0,01;-0,1
29917;-1;-1;0,01;-0,3
29969;-1;-1;0,01;-0,3
30000;-1;-1;0,01;-0,5
30035;-1;-1;0,01;-0,3
30060;-1;-1;0,01;-0,3
30098;-1;-1;0,01;-0,5
30127;-1;-1;0,01;-0,4
30161;-1;-1;0,01;-0,4
30192;-1;-1;0,01;-0,3
30226;-1;-1;0,01;-0,3
30257;-1;-1;0,01;-0,3
30293;-1;-1;0,01;-0,2
30318;-1;-1;0,01;-0,5
30353;-1;-1;0,01;-0,2
30396;-1;-1;0,01;-0,4
30431;-1;-1;0,01;-0,2
30465;-1;-1;0,01;-0,4
30494;-1;-1;0,01;-0,1
30529;-1;-1;0,01;-0,5
30555;-1;-1;0,01;-0,4
30593;-1;-1;0,01;0,2
30621;-1;-1;0,01;-0,1
30655;-1;-1;0,01;-0,4
30685;-1;-1;0,01;-0,1
30718;-1;-1;0,01;0,1
30751;-1;-1;0,01;-0,1
30779;-1;-1;0,01;-0,3
30828;-1;-1;0,01;-0,3
30858;-1;-1;0,01;-0,3
30890;-1;-1;0,01;-0,5
30921;-1;-1;0,01;-0,3
30952;-1;-1;0,01;-0,3
30986;-1;-1;0,01;-0,3
31018;-1;-1;0,01;-0,2
31048;-1;-1;0,01;-0,5
31081;-1;-1;0,01;-0,1
31114;-1;-1;0,01;-0,3
31147;-1;-1;0,01;-0,1
31177;-1;-1;0,01;-0,3
31211;-1;-1;0,01;-0,3
31259;-1;-1;0,01;-0,3
31290;-1;-1;0,01;-0,4
31322;-1;-1;0,01;-0,3
31356;-1;-1;0,01;-0,2
31386;-1;-1;0,01;-0,2
31419;-1;-1;0,01;-0,2
31451;-1;-1;0,01;-0,2
31484;-1;-1;0,01;-0,2
31516;-1;-1;0,01;-0,3
31548;-1;-1;0,01;-0,2
31581;-1;-1;0,01;-0,3
31615;-1;-1;0,01;-0,2
31643;-1;-1;0,01;-0,4
31693;-1;-1;0,01;-0,1
31725;-1;-1;0,01;-0,2
31757;-1;-1;0,01;-0,5
31789;-1;-1;0,01;-0,2
31821;-1;-1;0,01;0,1
31852;-1;-1;0,01;-0,2
31885;-1;-1;0,01;-0,1
31919;-1;-1;0,01;-0,3
31950;-1;-1;0,01;-0,2
31982;-1;-1;0,01;-0,2
32013;-1;-1;0,01;-0,4
32044;-1;-1;0,01;-0,4
32092;-1;-1;0,01;-0,3
32125;-1;-1;0,01;-0,4
32159;67,48;-193,04;0,01;-0,3
32190;-1;-1;0,01;-0,4
32223;-1;-1;0,01;-0,1
32254;-1;-1;0,01;-0,3
32285;-1;-1;0,01;-0,3
32318;-1;-1;0,01;-0,4
32351;-1;-1;0,01;-0,2
32384;-1;-1;0,01;-0,3
32414;-1;-1;0,01;-0,2
32448;-1;-1;0,01;-0,2
32480;-1;-1;0,01;-0,4
32520;-1;-1;0,01;-0,5
32553;-1;-1;0,01;-0,1
32587;-1;-1;0,01;-0,3
32621;-1;-1;0,01;0
32657;-1;-1;0,01;-0,1
32687;-1;-1;0,01;-0,3
32719;-1;-1;0,01;-0,1
32752;-1;-1;0,01;-0,1
32783;-1;-1;0,01;-0,3
32814;-1;-1;0,01;-0,4
32845;-1;-1;0,01;-0,1
32876;-1;-1;0,01;-0,5
32909;-1;-1;0,01;-0,2
32961;-1;-1;0,01;0,2
32988;-1;-1;0,01;-0,3
33021;-1;-1;0,01;-0,3
33054;-1;-1;0,01;-0,2
33086;-1;-1;0,01;-0,3
33118;-1;-1;0,01;-0,1
33151;-1;-1;0,01;-0,3
33182;-1;-1;0,01;-0,2
33215;-1;-1;0,01;-0,3
33246;-1;-1;0,01;-0,2
33278;-1;-1;0,01;-0,2
33309;-1;-1;0,01;-0,6
33343;-1;-1;0,01;-0,3
33390;115,14;-178,02;0,01;-0,1
33421;95,54;-186,19;0,01;-0,1
33453;-1;-1;0,01;-0,4
33486;-1;-1;0,01;-0,2
33518;-1;-1;0,01;-0,1
33555;-1;-1;0,01;-0,4
33578;-1;-1;0,01;0
33615;-1;-1;0,01;-0,3
33646;-1;-1;0,01;-0,2
33675;-1;-1;0,01;0,1
33744;-1;-1;0,01;-0,2
33760;-1;-1;0,01;-0,4
33779;-1;-1;0,01;-0,3
33822;-1;-1;0,01;-0,1
33852;-1;-1;0,01;-0,3
33884;-1;-1;0,01;-0,5
33916;-1;-1;0,01;-0,5
33951;-1;-1;0,01;-0,5
33980;-1;-1;0,01;-0,3
34009;-1;-1;0,01;0
34041;-1;-1;0,01;-0,2
34075;-1;-1;0,01;-0,3
34140;-1;-1;0,01;-0,3
34172;-1;-1;0,01;-0,4
34185;-1;-1;0,01;-0,2
34204;-1;-1;0,01;-0,6
34253;-1;-1;0,01;-0,1
34285;-1;-1;0,01;-0,4
34318;-1;-1;0,01;0,2
34351;-1;-1;0,01;-0,4
34381;-1;-1;0,01;-0,3
34414;-1;-1;0,01;-0,4
34446;-1;-1;0,01;-0,3
34511;-1;-1;0,01;-0,2
34543;-1;-1;0,01;-0,4
34571;-1;-1;0,01;-0,5
34604;-1;-1;0,01;-0,2
34623;-1;-1;0,01;-0,4
34639;-1;-1;0,01;-0,5
34686;-1;-1;0,01;-0,3
34722;57,73;-211,42;0,01;-0,3
34751;-1;-1;0,01;-0,2
34783;-1;-1;0,01;-0,2
34816;-1;-1;0,01;0,2
34847;-1;-1;0,01;-0,1
34880;-1;-1;0,01;-0,2
34944;-1;-1;0,01;-0,1
34976;-1;-1;0,01;-0,5
35007;-1;-1;0,01;-0,2
35041;-1;-1;0,01;-0,3
35058;-1;-1;0,01;-0,2
35074;-1;-1;0,01;-0,3
35119;-1;-1;0,01;-0,6
35154;-1;-1;0,01;-0,3
35183;-1;-1;0,01;-0,4
35215;-1;-1;0,01;-0,3
35247;-1;-1;0,01;-0,2
35313;-1;-1;0,01;-0,3
35346;-1;-1;0,01;-0,3
35375;-1;-1;0,01;-0,2
35410;-1;-1;0,01;-0,5
35438;-1;-1;0,01;-0,4
35454;-1;-1;0,01;-0,3
35470;-1;-1;0,01;-0,2
35501;-1;-1;0,01;-0,1
35558;-1;-1;0,01;-0,1
35585;-1;-1;0,01;-0,3
35617;-1;-1;0,01;-0,2
35650;-1;-1;0,01;-0,3
35712;-1;-1;0,01;-0,4
35743;-1;-1;0,01;0,1
35777;-1;-1;0,01;-0,3
35808;-1;-1;0,01;-0,2
35838;-1;-1;0,01;-0,2
35873;-1;-1;0,01;-0,2
35896;-1;-1;0,01;-0,2
35908;-1;-1;0,01;-0,3
35930;-1;-1;0,01;-0,3
35981;-1;-1;0,01;-0,3
36014;-1;-1;0,01;-0,2
36045;-1;-1;0,01;-0,2
36111;-1;-1;0,01;-0,3
36144;-1;-1;0,01;-0,6
36175;-1;-1;0,01;-0,1
36210;-1;-1;0,01;0
36243;-1;-1;0,01;-0,3
36272;-1;-1;0,01;-0,1
36304;-1;-1;0,01;-0,3
36326;-1;-1;0,01;-0,2
36351;-1;-1;0,01;-0,5
36381;-1;-1;0,01;-0,1
36416;-1;-1;0,01;-0,1
36447;-1;-1;0,01;0,1
36510;-1;-1;0,01;-0,4
36546;-1;-1;0,01;-0,2
36576;-1;-1;0,01;-0,3
36609;-1;-1;0,01;-0,2
36641;-1;-1;0,01;-0,4
36674;-1;-1;0,01;-0,2
36706;-1;-1;0,01;-0,3
36733;-1;-1;0,01;-0,1
36757;-1;-1;0,01;-0,6
36767;-1;-1;0,01;-0,3
36810;-1;-1;0,01;-0,6
36847;-1;-1;0,01;-0,3
36909;-1;-1;0,01;-0,4
36942;-1;-1;0,01;-0,3
36976;-1;-1;0,01;-0,5
37008;-1;-1;0,01;-0,5
37040;-1;-1;0,01;-0,5
37074;-1;-1;0,01;-0,3
37106;-1;-1;0,01;-0,2
37136;-1;-1;0,01;-0,3
37167;-1;-1;0,01;-0,2
37179;-1;-1;0,01;-0,2
37197;-1;-1;0,01;-0,2
37241;-1;-1;0,01;-0,1
37304;-1;-1;0,01;-0,3
37344;-1;-1;0,01;-0,2
37374;-1;-1;0,01;-0,3
37406;-1;-1;0,01;0
37437;-1;-1;0,01;-0,4
37469;-1;-1;0,01;-0,2
37501;-1;-1;0,01;-0,4
37534;-1;-1;0,01;-0,2
37566;-1;-1;0,01;-0,4
37601;-1;-1;0,01;-0,3
37619;-1;-1;0,01;-0,2
37633;-1;-1;0,01;-0,4
37710;-1;-1;0,01;-0,4
37743;-1;-1;0,01;-0,2
37773;-1;-1;0,01;-0,3
37806;-1;-1;0,01;-0,3
37838;-1;-1;0,01;-0,3
37871;-1;-1;0,01;-0,1
37903;-1;-1;0,01;-0,2
37934;-1;-1;0,01;-0,3
37966;-1;-1;0,01;-0,2
37997;-1;-1;0,01;-0,1
38031;-1;-1;0,01;-0,1
38045;-1;-1;0,01;-0,2
38111;-1;-1;0,01;-0,3
38142;-1;-1;0,01;-0,2
38176;-1;-1;0,01;-0,4
38207;-1;-1;0,01;-0,4
38238;-1;-1;0,01;-0,2
38270;-1;-1;0,01;-0,3
38304;-1;-1;0,01;-0,1
38335;-1;-1;0,01;-0,2
38369;-1;-1;0,01;-0,3
38396;-1;-1;0,01;-0,3
38431;-1;-1;0,01;-0,1
38461;-1;-1;0,01;-0,3
38473;-1;-1;0,01;-0,3
38542;-1;-1;0,01;-0,3
38578;-1;-1;0,01;-0,2
38608;-1;-1;0,01;-0,4
38641;-1;-1;0,01;-0,3
38672;-1;-1;0,01;-0,2
38701;-1;-1;0,01;-0,2
38732;-1;-1;0,01;-0,4
38763;-1;-1;0,01;-0,4
38796;-1;-1;0,01;-0,3
38826;-1;-1;0,01;-0,2
38860;-1;-1;0,01;-0,3
38894;-1;-1;0,01;-0,2
38926;-1;-1;0,01;-0,4
38972;-1;-1;0,01;-0,4
39008;-1;-1;0,01;-0,3
39038;-1;-1;0,01;-0,4
39072;-1;-1;0,01;-0,5
39102;-1;-1;0,01;-0,4
39133;-1;-1;0,01;-0,2
39164;-1;-1;0,01;-0,3
39196;-1;-1;0,01;0
39228;-1;-1;0,01;-0,1
39261;-1;-1;0,01;-0,4
39293;-1;-1;0,01;-0,2
39324;-1;-1;0,01;-0,4
39354;-1;-1;0,01;-0,5
39404;-1;-1;0,01;-0,1
39436;-1;-1;0,01;-0,1
39468;-1;-1;0,01;-0,5
39500;-1;-1;0,01;-0,3
39533;-1;-1;0,01;-0,2
39562;-1;-1;0,01;-0,5
39596;-1;-1;0,01;-0,1
39631;-1;-1;0,01;-0,3
39661;-1;-1;0,01;-0,3
39692;-1;-1;0,01;-0,1
39725;-1;-1;0,01;-0,1
39758;-1;-1;0,01;-0,2
39787;-1;-1;0,01;-0,2
39835;-1;-1;0,01;-0,3
39868;-1;-1;0,01;-0,2
39900;-1;-1;0,01;-0,3
39932;-1;-1;0,01;-0,4
39965;-1;-1;0,01;-0,3
39996;-1;-1;0,01;-0,4
40029;-1;-1;0,01;0
40060;-1;-1;0,01;0,1
40094;-1;-1;0,01;-0,1
40127;-1;-1;0,01;-0,3
40159;-1;-1;0,01;0
40191;-1;-1;0,01;-0,5
40239;-1;-1;0,01;-0,5
40269;-1;-1;0,01;-0,4
40301;-1;-1;0,01;-0,3
40332;-1;-1;0,01;-0,3
40363;-1;-1;0,01;-0,2
40396;-1;-1;0,01;-0,3
40429;-1;-1;0,01;-0,4
40458;-1;-1;0,01;-0,4
40491;-1;-1;0,01;-0,1
40524;-1;-1;0,01;-0,3
40557;-1;-1;0,01;-0,3
40589;-1;-1;0,01;-0,3
40621;-1;-1;0,01;-0,3
40671;-1;-1;0,01;-0,2
40703;-1;-1;0,01;-0,1
40736;-1;-1;0,01;-0,3
40764;-1;-1;0,01;-0,1
40797;-1;-1;0,01;-0,4
40831;-1;-1;0,01;-0,2
40863;-1;-1;0,01;0
40894;-1;-1;0,01;-0,2
40928;-1;-1;0,01;-0,2
40960;-1;-1;0,01;-0,2
40992;-1;-1;0,01;-0,4
41025;-1;-1;0,01;-0,2
41056;-1;-1;0,01;-0,3
41104;62,03;-202,29;0,01;-0,1
41138;65,55;-201,58;0,01;-0,5
41168;63,13;-192,8;0,01;-0,1
41200;63,13;-192,8;0,01;-0,5
41231;64,83;-193,81;0,01;-0,1
41264;67,22;-192,93;0,01;-0,2
41297;-1;-1;0,01;-0,2
41328;66,71;-193,47;0,01;-0,2
41360;-1;-1;0,01;-0,3
41391;-1;-1;0,01;-0,2
41426;61,74;-197,31;0,01;-0,2
41461;62,14;-196,43;0,01;-0,4
41506;62,84;-197,2;0,01;-0,3
41538;-1;-1;0,01;-0,5
41566;-1;-1;0,01;-0,3
41601;-1;-1;0,01;-0,3
41632;-1;-1;0,01;-0,2
41664;-1;-1;0,01;-0,2
41696;-1;-1;0,01;-0,2
41730;61,32;-202,57;0,01;-0,2
41760;60,2;-202,75;0,01;0
41794;60,04;-203,86;0,01;-0,2
41826;58,21;-203,38;0,01;-0,4
41859;58,47;-203,57;0,01;-0,3
41891;58,02;-203,06;0,01;-0,3
41938;59,16;-200,72;0,01;-0,3
41971;58,26;-203,22;0,01;-0,4
42001;57,82;-204,16;0,01;-0,4
42034;59,24;-202,69;0,01;-0,1
42065;58,8;-202,92;0,01;-0,2
42096;58,33;-201,64;0,01;-0,4
42131;58,15;-202,81;0,01;-0,2
42161;57,68;-201,51;0,01;-0,4
42195;58,2;-201,12;0,01;-0,4
42225;59,68;-200,42;0,01;-0,5
42259;59,22;-200,6;0,01;-0,3
42289;59,22;-199,86;0,01;-0,2
42326;59,98;-200,66;0,01;-0,3
42370;58,5;-199,92;0,01;-0,1
42402;57,02;-200,69;0,01;-0,1
42432;57,29;-201,62;0,01;-0,1
42468;57,29;-201,64;0,01;-0,2
42495;56,55;-200,9;0,01;-0,2
42531;56,81;-201,83;0,01;-0,4
42558;56,81;-201,83;0,01;-0,2
42596;57,3;-201,65;0,01;-0,4
42622;56,82;-201,85;0,01;-0,2
42650;56,07;-202,6;0,01;-0,3
42683;55,32;-202,6;0,01;-0,3
42715;55,81;-202,4;0,01;-0,2
42748;55,81;-203,15;0,01;-0,2
42801;54,58;-203,36;0,01;-0,5
42834;55,06;-202,4;0,01;-0,2
42865;56,29;-202,19;0,01;-0,2
42898;56,03;-201,27;0,01;-0,3
42926;56,77;-202,01;0,01;-0,5
42962;56,77;-202,75;0,01;-0,2
42994;57,24;-201,82;0,01;-0,1
43026;56,51;-201,83;0,01;-0,4
43057;56,25;-201,64;0,01;-0,2
43092;55,78;-202,56;0,01;-0,3
43121;56,25;-202,37;0,01;-0,2
43154;56;-202,17;0,01;-0,2
43185;55,99;-201,44;0,01;-0,3
43233;56,25;-202,37;0,01;0
43264;56,98;-203,1;0,01;-0,3
43298;57,45;-202,16;0,01;-0,4
43328;56,72;-202,9;0,01;-0,1
43363;55,52;-203,83;0,01;-0,4
43394;55,52;-202,37;0,01;-0,3
43428;55,52;-201,62;0,01;-0,2
43457;56,51;-201,82;0,01;-0,2
43495;57,23;-201,05;0,01;-0,4
43520;57,97;-201,07;0,01;-0,2
43555;59,44;-201,8;0,01;-0,5
43584;58,7;-201,78;0,01;-0,3
43619;58,71;-202,53;0,01;-0,3
43666;57,44;-200,68;0,01;-0,3
43699;58,17;-202,15;0,01;-0,1
43727;58,18;-202,89;0,01;-0,1
43763;58,9;-202,15;0,01;0,1
43793;58,36;-201,03;0,01;-0,5
43824;58,63;-202,68;0,01;-0,5
43858;58,36;-201,75;0,01;-0,3
43891;59,08;-202,47;0,01;-0,5
43928;59,53;-201,54;0,01;-0,2
43951;59,53;-202,26;0,01;-0,2
43989;58,81;-202,26;0,01;-0,3
44027;58,55;-202,07;0,01;-0,4
44047;59,07;-203,14;0,01;-0,4
44099;59,97;-202,04;0,01;-0,3
44130;60,95;-202,2;0,01;-0,2
44165;60,23;-202,2;0,01;-0,3
44190;61,39;-201,3;0,01;0,2
44226;62,09;-201,27;0,01;-0,1
44255;61,39;-202,01;0,01;-0,3
44288;61,39;-202,01;0,01;0,1
44321;61,4;-202,76;0,01;-0,2
44350;60,68;-202,01;0,01;-0,5
44386;59,96;-201,3;0,01;-0,3
44418;60,67;-201,27;0,01;-0,5
44446;60,95;-201,48;0,01;-0,2
44477;62,1;-201,3;0,01;-0,5
44533;62,09;-201,27;0,01;-0,2
44559;61,11;-201,08;0,01;-0,2
44594;60,41;-201,83;0,01;-0,3
44627;60,83;-200,16;0,01;-0,4
44658;60,83;-200,87;0,01;-0,5
44687;61,52;-200,82;0,01;-0,4
44722;61,97;-200,69;0,01;-0,1
44752;62,4;-200,51;0,01;-0,3
44786;62,81;-200,29;0,01;-0,2
44818;62,4;-201,91;0,01;-0,3
44848;62,11;-200,99;0,01;-0,3
44881;62,11;-201,69;0,01;-0,4
44909;62,37;-201,83;0,01;-0,4
44963;61,92;-201,96;0,01;0,1
44993;63,33;-200,55;0,01;-0,3
45025;64,74;-199,85;0,01;-0,2
45057;64,74;-199,15;0,01;-0,2
45089;-1;-1;0,01;-0,2
45122;68,96;-198,44;0,01;-0,1
45154;69,67;-199,15;0,01;-0,4
45184;68,96;-199,15;0,02;-0,2
45216;70,37;-199,85;0,01;-0,2
45249;68,96;-199,85;0,01;-0,5
45280;68,96;-199,85;0,01;-0,2
45313;68,96;-200,55;0,01;-0,2
45346;68,26;-199,15;0,01;-0,2
45394;67,55;-199,15;0,01;-0,2
45426;68,26;-198,44;0,01;-0,5
45459;67,55;-197,74;0,01;-0,4
45488;68,96;-197,74;0,01;-0,6
45524;68,96;-197,74;0,01;-0,2
45553;69,67;-197,74;0,01;-0,4
45586;69,67;-197,74;0,01;-0,2
45617;69,67;-197,74;0,01;0
45648;69,67;-198,44;0,01;-0,5
45715;72,48;-198,44;0,01;-0,1
45733;72,48;-198,44;0,01;-0,1
45757;-1;-1;0,02;-0,4
45795;70,37;-198,44;0,01;0,1
45827;70,37;-197,03;0,01;-0,2
45857;71,07;-196,33;0,01;-0,2
45893;71,78;-195,63;0,01;-0,4
45918;71,78;-193,52;0,01;-0,2
45952;71,64;-193,16;0,01;-0,1
45986;70,26;-196,74;0,01;0,1
46016;71,4;-198,81;0,01;-0,4
46049;-1;-1;0,01;-0,1
46115;65,89;-202,57;0,01;-0,4
46147;65,49;-203,5;0,01;-0,2
46175;65,49;-203,5;0,01;-0,3
46189;65,07;-203,69;0,01;-0,1
46224;65,37;-203,93;0,01;0
46258;64,95;-204,12;0,01;-0,4
46293;64,94;-203,37;0,01;-0,3
46320;65,64;-202,61;0,01;-0,3
46356;66,35;-201,9;0,01;-0,3
46385;66,66;-203,56;0,01;-0,2
46417;65,93;-203,52;0,01;-0,3
46450;66,23;-203,71;0,01;-0,4
46514;66,65;-202,8;0,01;-0,2
46547;66,93;-202,95;0,01;-0,2
46586;66,93;-202,95;0,01;-0,2
46600;66,93;-202,95;0,01;-0,3
46636;66,91;-202,18;0,01;-0,4
46652;68,35;-202,18;0,01;-0,2
46690;68,35;-202,18;0,01;-0,3
46724;68,35;-201,46;0,01;-0,1
46751;69,05;-200,68;0,01;-0,3
46789;69,03;-201,34;0,01;-0,4
46814;69,34;-201,53;0,01;-0,2
46848;69,34;-201,53;0,01;-0,1
46912;70,07;-200,8;0,01;-0,2
46947;70,36;-200,92;0,01;-0,3
46980;71,06;-200,86;0,01;-0,3
47008;70,04;-200,02;0,01;-0,3
47021;70,04;-200,02;0,01;-0,3
47037;71,49;-200,74;0,01;-0,3
47090;71,14;-199,06;0,01;-0,3
47124;70,74;-200,67;0,01;-0,4
47152;71,14;-199,78;0,01;-0,3
47185;71,86;-200,49;0,01;-0,4
47215;70,4;-200,42;0,01;0
47250;71,52;-200,25;0,01;-0,2
47316;71,2;-199,36;0,01;-0,2
47346;72,23;-200,96;0,02;-0,3
47378;71,17;-200,71;0,01;-0,3
47408;-1;-1;0,01;0
47443;72,57;-199,92;0,01;-0,3
47457;72,57;-199,92;0,01;-0,5
47473;73,28;-200,63;0,01;-0,1
47522;73,64;-198,96;0,01;-0,5
47555;73,64;-198,25;0,01;-0,1
47587;74,02;-198,79;0,01;-0,2
47621;74,34;-200,37;0,01;-0,2
47646;73,99;-198,71;0,01;-0,2
47715;74,37;-198,54;0,01;-0,2
47748;75,07;-198,54;0,01;-0,1
47778;75,74;-198,46;0,01;-0,3
47810;75,77;-199,24;0,01;-0,4
47843;74,74;-198,38;0,01;-0,3
47877;74,37;-199,24;0,01;-0,3
47900;74,37;-199,24;0,01;-0,3
47913;75,74;-199,16;0,01;-0,1
47954;74,71;-198,29;0,01;-0,5
47983;74,74;-199,08;0,01;-0,2
48015;74,74;-199,08;0,01;-0,3
48049;74,37;-199,94;0,01;-0,4
48115;75,47;-199,16;0,01;-0,2
48148;75,17;-199,07;0,01;-0,5
48177;73,81;-199,84;0,01;-0,4
48210;73,43;-200,71;0,01;-0,1
48241;73,46;-200,78;0,01;-0,3
48275;72,78;-201,55;0,01;-0,2
48311;71,38;-200,85;0,01;-0,1
48327;71,38;-200,85;0,01;-0,1
48358;-1;-1;0,01;-0,3
48385;-1;-1;0,01;-0,2
48419;-1;-1;0,01;-0,3
48442;-1;-1;0,01;-0,3
48515;70,56;-202,4;0,01;-0,6
48547;70,87;-202,59;0,01;-0,4
48575;70,13;-201,1;0,01;-0,5
48613;71,17;-202;0,01;-0,2
48643;71,59;-201,16;0,01;-0,5
48674;71,19;-202,06;0,01;-0,3
48707;71,89;-202;0,01;-0,1
48738;71,17;-202;0,01;-0,4
48778;71,17;-202;0,01;-0,4
48794;71,89;-202;0,01;-0,3
48813;71,56;-201,1;0,01;-0,1
48851;71,56;-201,81;0,01;-0,3
48914;71,59;-202,59;0,01;-0,1
48946;-1;-1;0,01;-0,4
48977;-1;-1;0,01;-0,4
49009;-1;-1;0,01;-0,1
49042;-1;-1;0,01;-0,2
49072;-1;-1;0,01;-0,5
49106;-1;-1;0,01;-0,3
49139;-1;-1;0,01;-0,3
49151;-1;-1;0,01;-0,3
49191;-1;-1;0,01;0
49207;-1;-1;0,01;-0,3
49249;-1;-1;0,01;-0,1
49311;-1;-1;0,01;-0,2
49345;-1;-1;0,01;-0,2
49378;-1;-1;0,01;-0,2
49410;-1;-1;0,01;-0,2
49440;-1;-1;0,01;-0,3
49475;-1;-1;0,01;-0,4
49506;-1;-1;0,01;-0,3
49537;-1;-1;0,01;-0,5
49566;-1;-1;0,01;-0,5
49585;-1;-1;0,01;-0,4
49619;-1;-1;0,01;-0,3
49645;-1;-1;0,01;-0,3
49708;69,62;-203,89;0,01;-0,4
49744;68,5;-204,8;0,01;-0,1
49775;65,94;-203,56;0,01;-0,2
49803;-1;-1;0,01;-0,3
49838;66,83;-204,84;0,01;-0,1
49868;66,83;-203,38;0,01;-0,2
49901;68,59;-204,31;0,01;-0,1
49935;67,45;-205,29;0,01;-0,1
49969;66,3;-205,54;0,01;-0,1
49998;66,74;-204,63;0,01;-0,1
50016;66,74;-204,63;0,01;-0,3
50029;64,84;-204,84;0,01;-0,4
50110;65,6;-204,9;0,01;-0,4
50147;67,81;-204,9;0,01;-0,2
50181;67,8;-204,13;0,01;-0,2
50207;69,27;-204,87;0,01;-0,4
50244;71,16;-203,93;0,01;-0,4
50273;72,62;-204,67;0,01;-0,1
50311;72,3;-203,76;0,01;-0,3
50335;70,43;-204,69;0,01;0,1
50372;70,76;-205,64;0,01;-0,4
50400;71,17;-205,45;0,01;-0,3
50436;-1;-1;0,01;-0,3
50451;-1;-1;0,01;-0,4
50514;70,45;-204,74;0,01;-0,4
50547;70,04;-206,43;0,01;-0,1
50573;69,71;-205,47;0,01;-0,2
50609;69,71;-205,45;0,01;-0,3
50645;70,12;-204,51;0,01;-0,3
50674;69,4;-206,01;0,01;-0,2
50708;66,48;-206,74;0,01;-0,3
50737;64,29;-206,01;0,01;-0,3
50777;64,72;-205,8;0,01;-0,2
50800;62,09;-206,74;0,01;-0,3
50834;60,63;-207,45;0,01;-0,2
50866;58,44;-207,47;0,01;-0,3
50896;58,9;-206,53;0,01;-0,1
50947;58,18;-206,53;0,01;-0,1
50978;57,71;-208,2;0,01;-0,2
51016;58,18;-207,25;0,01;-0,1
51038;57,45;-206,53;0,01;-0,2
51069;58,17;-206,51;0,01;-0,2
51102;58,64;-206,32;0,01;-0,3
51133;58,63;-206,3;0,01;-0,3
51168;58,63;-207,02;0,01;-0,3
51196;58,63;-207,02;0,01;-0,4
51226;58,63;-207,01;0,01;-0,1
51263;59,35;-207,01;0,01;-0,2
51293;59,81;-206,81;0,01;-0,3
51324;59,09;-206,81;0,01;-0,3
51375;59,08;-206,79;0,01;-0,3
51408;59,08;-206,79;0,01;-0,2
51443;59,81;-207,53;0,01;-0,5
51474;60,26;-206,6;0,01;-0,2
51506;59,09;-207,53;0,01;-0,4
51541;60,26;-206,6;0,01;-0,2
51566;62,41;-206,6;0,01;-0,5
51602;64,13;-207,53;0,01;-0,2
51632;64,56;-206,6;0,01;-0,5
51669;64,56;-206,6;0,01;-0,4
51696;65,28;-206,6;0,01;-0,6
51730;65,57;-208,25;0,01;-0,3
51764;64,56;-206,6;0,01;-0,1
51810;65,57;-207,53;0,01;-0,3
51841;64,56;-206,6;0,01;-0,1
51873;65,28;-206,6;0,01;-0,1
51909;65,28;-207,32;0,01;-0,3
51937;65,29;-208,05;0,01;-0,3
51969;64,99;-205,68;0,01;-0,1
52002;64,28;-206,4;0,01;-0,4
52034;64,99;-206,4;0,01;-0,4
52066;65,7;-206,4;0,01;-0,1
52099;64,99;-206,4;0,01;-0,2
52131;64,99;-207,11;0,01;-0,3
52161;64,99;-206,4;0,01;-0,5
52196;64,99;-206,4;0,01;-0,4
52242;64,99;-207,11;0,01;-0,3
52276;65,28;-208,04;0,01;-0,5
52307;65,7;-206,4;0,01;-0,3
52339;65,7;-207,11;0,01;-0,4
52376;65,7;-207,09;0,01;-0,2
52399;65,7;-206,38;0,01;-0,1
52433;65,99;-208,02;0,01;-0,4
52466;66,41;-207,09;0,01;0,1
52500;65,99;-208,02;0,01;-0,3
52529;66,71;-207,3;0,01;0
52562;66,71;-207,3;0,01;-0,3
52594;66,71;-207,3;0,01;-0,5
52627;66,4;-206,35;0,01;-0,4
52675;67,12;-206,35;0,01;-0,4
52706;66,7;-207,28;0,01;-0,3
52737;66,7;-207,28;0,01;-0,1
52772;65,69;-206,35;0,01;-0,1
52800;64,54;-207,25;0,01;-0,4
52837;64,98;-207,07;0,01;-0,2
52863;64,98;-207,07;0,01;-0,1
52899;63,56;-206,38;0,01;-0,3
52930;64,27;-207,09;0,01;-0,1
52962;64,27;-206,38;0,01;-0,2
52990;64,27;-206,38;0,01;-0,2
53026;63,12;-207,3;0,01;-0,1
53055;63,84;-206,58;0,01;-0,3
53105;63,84;-207,3;0,01;-0,2
53138;63,56;-206,4;0,01;-0,3
53169;63,56;-207,09;0,01;-0,3
53201;63,56;-207,11;0,01;-0,3
53235;62,13;-207,11;0,01;-0,1
53266;63,56;-207,11;0,01;-0,5
53295;62,85;-207,11;0,01;-0,3
53329;62,84;-206,38;0,01;-0,2
53364;62,69;-208,24;0,01;0,1
53393;62,84;-207,09;0,02;-0,3
53425;62,84;-207,09;0,01;-0,2
53460;62,84;-206,38;0,01;0,1
53488;-1;-1;0,01;-0,3
53538;62,13;-206,38;0,01;-0,1
53569;60,25;-207,3;0,01;-0,2
53602;59,27;-206,38;0,01;-0,1
53633;59,26;-206,35;0,01;-0,1
53664;58,81;-208;0,01;-0,3
53698;59,98;-206,35;0,01;-0,4
53731;59,53;-207,28;0,01;0
53761;59,26;-207,07;0,01;-0,2
53794;-1;-1;0,01;-0,3
53826;72,83;-206,35;0,01;-0,2
53858;78,52;-208,65;0,01;-0,2
53891;79,97;-204,21;0,01;-0,5
53939;80,69;-204,23;0,01;-0,2
53970;-1;-1;0,01;-0,3
54003;81,41;-204,95;0,01;-0,2
54029;81,07;-207,73;0,01;-0,2
54060;82,83;-205,64;0,01;-0,4
54091;79,97;-205,64;0,01;-0,4
54123;77,81;-206,77;0,01;-0,3
54159;-1;-1;0,01;0,1
54192;79,26;-205,64;0,01;-0,4
54228;79,97;-206,35;0,01;-0,2
54259;77,83;-207,78;0,01;-0,4
54291;-1;-1;0,01;-0,2
54323;64,97;-206,33;0,01;-0,3
54370;63,97;-206,12;0,01;-0,2
54399;59;-207,57;0,01;-0,3
54434;51,18;-208,99;0,01;-0,3
54466;45,49;-209,7;0,01;-0,5
54499;44,78;-209,7;0,01;-0,4
54530;44,07;-208,25;0,01;-0,3
54566;45,29;-208,75;0,01;-0,2
54590;45,29;-209,46;0,01;-0,2
54627;45,49;-210,41;0,01;-0,3
54657;50,25;-208,78;0,01;-0,3
54694;61,13;-208,28;0,01;-0,3
54721;67,94;-207,36;0,01;-0,2
54756;67,94;-206,65;0,01;-0,2
54801;69,36;-206,68;0,01;-0,4
54834;-1;-1;0,01;-0,2
54865;77,14;-205,95;0,01;-0,1
54898;76,43;-205,95;0,01;-0,2
54928;76,43;-205,95;0,01;-0,4
54964;75,73;-205,95;0,01;-0,1
54993;73,93;-206,86;0,01;-0,3
55026;72,89;-206,65;0,01;0,3
55058;-1;-1;0,01;-0,2
55091;73,28;-205,74;0,01;-0,5
55122;73,6;-205,95;0,01;-0,4
55155;73,6;-205,95;0,01;-0,1
55186;71,48;-206,65;0,01;-0,3
55234;70,06;-206,65;0,01;-0,4
55266;69,36;-207,36;0,01;-0,3
55299;69,05;-206,45;0,01;-0,3
55326;67,24;-207,38;0,01;-0,2
55364;64,4;-208,07;0,01;-0,4
55394;62,71;-207,15;0,01;-0,4
55427;62,71;-207,86;0,01;-0,1
55456;62,71;-207,86;0,01;0
55490;62,99;-208,07;0,01;-0,3
55522;62,71;-207,15;0,01;-0,3
55554;64,82;-206,45;0,01;0
55586;68,35;-206,45;0,01;-0,3
55616;71,87;-206,45;0,01;-0,1
55666;71,87;-206,45;0,01;-0,3
55700;71,55;-205,54;0,01;0,2
55730;71,87;-205,74;0,01;-0,2
55762;71,16;-205,74;0,01;-0,5
55794;72,56;-205,72;0,01;-0,2
55827;71,86;-206,42;0,01;-0,3
55861;72,18;-206,63;0,01;-0,3
55888;71,86;-205,72;0,01;-0,2
55924;72,18;-206,63;0,01;-0,2
55956;71,85;-204,28;0,01;-0,3
55987;72,18;-205,92;0,01;-0,5
56017;70,77;-206,65;0,01;-0,3
56048;66,52;-207,33;0,01;-0,2
56098;60,86;-206,63;0,01;-0,3
56130;58,74;-207,36;0,01;-0,3
56163;55,9;-208,04;0,01;-0,1
56192;50,96;-208,78;0,01;-0,4
56227;45,09;-208,56;0,01;-0,4
56259;44,59;-210,19;0,02;-0,1
56289;45,6;-207,65;0,01;0
56326;43,69;-208,56;0,01;-0,4
56353;46,5;-208,54;0,01;-0,2
56389;-1;-1;0,01;-0,3
56416;-1;-1;0,01;-0,5
56450;76,8;-206,45;0,01;-0,3
56483;76,09;-204,31;0,01;-0,5
56532;76,09;-205,01;0,01;-0,3
56561;75,39;-205,04;0,01;-0,4
56594;75,75;-204,82;0,01;-0,5
56626;74,69;-207,15;0,01;-0,2
56660;72,57;-206,45;0,01;-0,4
56689;69,44;-204,82;0,01;-0,1
56726;69,75;-205,72;0,01;-0,1
56752;70,46;-206,45;0,01;-0,1
56788;67,64;-207,86;0,01;-0,2
56817;63,84;-206,95;0,01;-0,3
56850;59,89;-207,86;0,01;-0,2
56882;56,82;-206,92;0,01;-0,4
56916;50,72;-207,83;0,01;-0,3
56963;49,11;-208,35;0,01;-0,1
56994;49,11;-208,35;0,01;-0,2
57026;48,4;-209,02;0,01;-0,3
57056;48,61;-208,54;0,01;-0,4
57093;50,5;-208,32;0,01;-0,5
57120;55,17;-207,41;0,01;0,1
57152;-1;-1;0,01;-0,2
57188;75,05;-208,32;0,01;-0,2
57217;78,22;-205,32;0,01;-0,1
57250;77,52;-204,62;0,01;-0,4
57282;-1;-1;0,01;-0,2
57311;79,61;-203,92;0,01;-0,2
57345;79,61;-204,62;0,01;-0,1
57395;78,22;-206,02;0,01;-0,1
57427;75,42;-206,02;0,01;-0,2
57459;74,03;-205,32;0,01;-0,2
57492;74,03;-204,62;0,01;-0,3
57522;74,04;-205,34;0,01;-0,3
57554;74,73;-206,04;0,01;0
57585;74,41;-205,84;0,01;-0,5
57616;74,73;-206,04;0,01;-0,2
57656;74,04;-206,04;0,01;-0,1
57715;71,23;-204,62;0,01;-0,4
57734;71,23;-204,62;0,01;-0,3
57760;68,44;-206,72;0,01;-0,3
57773;62,59;-206,54;0,01;-0,2
57826;59,63;-209,75;0,01;-0,3
57858;60,07;-208,14;0,01;-0,3
57889;60,49;-205,82;0,01;-0,3
57928;60,5;-207,23;0,01;-0,3
57953;59,8;-207,21;0,01;-0,1
57989;59,81;-208,62;0,01;-0,2
58013;60,07;-210,23;0,01;0
58047;60,07;-208,84;0,01;-0,6
58114;63,28;-206,54;0,01;-0,5
58147;64,67;-207,21;0,01;-0,4
58163;64,67;-207,21;0,01;-0,1
58193;65,38;-207,95;0,01;-0,1
58227;64,95;-208,11;0,01;-0,5
58260;67,05;-208,14;0,01;-0,3
58288;67,46;-205,84;0,01;-0,3
58324;68,14;-205,82;0,01;-0,2
58352;68,44;-207,41;0,01;-0,4
58387;68,45;-207,44;0,01;-0,3
58418;68,15;-206,54;0,01;-0,1
58451;67,75;-207,44;0,01;0,1
58514;67,75;-206,04;0,01;-0,4
58548;67,46;-206,54;0,01;0
58576;67,06;-208,16;0,01;-0,3
58611;67,06;-208,16;0,01;0
58625;66,77;-207,26;0,01;-0,2
58654;64,26;-207,46;0,01;-0,2
58691;57,28;-207,46;0,01;-0,4
58722;52,39;-208,16;0,01;-0,4
58757;48,9;-208,86;0,01;-0,2
58785;42,61;-208,84;0,01;-0,5
58818;39,99;-210,48;0,01;-0,3
58854;37,89;-209,07;0,01;-0,1
58915;37,18;-209,77;0,01;-0,4
58946;37,89;-210,49;0,01;-0,4
58980;39,47;-210,72;0,01;-0,3
59008;49,33;-208,58;0,01;-0,2
59043;49,33;-208,58;0,01;-0,4
59059;60,16;-207,38;0,01;-0,2
59091;66,83;-207,61;0,01;-0,2
59122;70,39;-206,19;0,01;-0,2
59155;74,27;-207,11;0,01;-0,3
59187;77,84;-206,4;0,01;-0,2
59216;77,84;-204,23;0,01;-0,4
59251;77,13;-204,97;0,01;-0,3
59314;74,99;-204,97;0,01;-0,3
59346;74,99;-206,4;0,01;-0,6
59375;73,45;-210,16;0,01;-0,5
59411;74,99;-205,7;0,01;-0,2
59442;75,37;-205,48;0,01;-0,1
59471;75,37;-205,48;0,01;-0,3
59482;74,66;-205,49;0,01;-0,4
59525;75,37;-206,19;0,01;-0,2
59561;72,91;-206,69;0,01;-0,2
59582;70,78;-205,97;0,01;-0,2
59618;71,49;-205,99;0,01;-0,5
59647;71,49;-205,97;0,01;-0,1
59712;64,83;-205,77;0,01;-0,3
59740;63,71;-208,11;0,01;-0,3
59779;63,7;-208,8;0,01;-0,3
59811;64,41;-208,09;0,01;-0,4
59842;64,83;-206,47;0,01;-0,2
59876;64,41;-207,38;0,01;-0,3
59892;64,41;-207,38;0,01;-0,5
59928;64,41;-207,38;0,01;-0,1
59951;64,13;-207,88;0,01;-0,2
59988;64,83;-207,17;0,01;-0,5
60017;65,82;-207,38;0,01;-0,3
60083;71,18;-205,78;0,01;-0,3
60116;70,47;-205,77;0,01;-0,2
60145;71,17;-206,47;0,01;-0,1
60180;70,16;-206,27;0,01;-0,3
60210;67,36;-208,39;0,01;-0,3
60240;61,14;-209,73;0,01;-0,4
60275;61,04;-207,69;0,01;-0,3
60306;61,04;-207,69;0,01;-0,4
60342;61,04;-207,69;0,01;-0,4
60356;60,34;-208,39;0,01;-0,3
60395;60,34;-209,09;0,02;-0,5
60414;60,34;-209,09;0,01;-0,3
60482;60,08;-207,48;0,01;-0,3
60516;58,75;-210,23;0,01;-0,3
60545;59,38;-208,18;0,01;-0,3
60579;59,38;-208,88;0,01;-0,3
60611;58,5;-210,73;0,01;-0,2
60642;57,78;-209,29;0,01;-0,1
60675;57,98;-208,18;0,01;-0,2
60708;56,59;-208,18;0,01;-0,3
60738;56,83;-209,09;0,01;-0,1
60758;56,83;-209,09;0,01;-0,4
60768;57,28;-208,86;0,01;-0,4
60820;57,54;-209,79;0,01;-0,2
60848;57,28;-207,46;0,01;-0,4
60916;65,25;-208,37;0,01;-0,5
60947;67,76;-207,46;0,01;-0,1
60979;67,76;-206,76;0,01;-0,3
61011;68,46;-206,76;0,01;-0,3
61044;67,76;-207,48;0,01;-0,3
61077;67,05;-206,74;0,01;0,1
61104;68,45;-207,44;0,01;-0,1
61141;67,24;-210,21;0,01;-0,3
61154;67,24;-210,21;0,02;-0,4
61192;68,45;-206,74;0,01;-0,2
61206;68,46;-208,16;0,01;-0,4
61284;59,81;-207,23;0,01;-0,2
61314;54,48;-208,84;0,01;-0,6
61347;49,59;-209,54;0,01;-0,3
61379;47,49;-209,54;0,01;-0,5
61410;45,39;-209,51;0,01;-0,5
61443;45,2;-207,93;0,01;-0,4
61477;45,4;-208,84;0,01;-0,3
61506;49,37;-208,6;0,01;-0,3
61538;61,2;-207,93;0,01;-0,4
61569;-1;-1;0,01;-0,4
61592;-1;-1;0,01;-0,1
61605;89,01;-203,76;0,01;-0,5
61682;-1;-1;0,01;-0,5
61715;-1;-1;0,01;-0,1
61747;-1;-1;0,01;-0,4
61778;-1;-1;0,01;-0,2
61811;-1;-1;0,01;-0,3
61843;-1;-1;0,01;-0,6
61875;-1;-1;0,01;-0,3
61907;-1;-1;0,01;-0,2
61939;77,21;-201,29;0,01;0
61971;77,54;-203,54;0,01;-0,2
62011;76,86;-204,26;0,01;-0,3
62027;76,86;-204,26;0,01;-0,2
62082;72,38;-206,8;0,01;-0,5
62114;-1;-1;0,01;-0,2
62148;59,28;-205,4;0,01;-0,1
62178;51,7;-206,11;0,01;-0,4
62212;42,74;-208,87;0,01;-0,4
62240;-1;-1;0,01;-0,3
62273;31,57;-210,72;0,01;0
62307;32,12;-209,82;0,01;-0,2
62339;31,57;-209,35;0,01;-0,2
62372;32,12;-209,82;0,01;-0,5
62412;32,12;-211,19;0,01;-0,4
62431;32,8;-211,16;0,01;-0,2
62466;37,58;-209,79;0,01;-0,1
62515;47,16;-207,77;0,01;-0,4
62547;54,68;-207,77;0,01;-0,4
62576;58,53;-207,57;0,01;-0,1
62611;62,88;-209,14;0,01;-0,3
62642;65,62;-209,16;0,01;-0,5
62677;64,94;-207,79;0,01;-0,4
62705;65,33;-206,21;0,01;-0,4
62740;65,33;-206,21;0,01;-0,2
62770;64,25;-208,48;0,01;0,1
62803;63,29;-208,93;0,01;-0,2
62835;63,29;-208,25;0,02;-0,4
62868;62,62;-208,27;0,01;-0,4
62897;62,61;-206,89;0,01;-0,3
62948;62,61;-207,57;0,01;-0,2
62977;62,47;-211,43;0,01;-0,3
63008;62,61;-208,93;0,01;-0,2
63042;62,61;-208,93;0,01;-0,2
63076;61,77;-210,03;0,01;-0,1
63107;62,76;-206,52;0,01;-0,3
63139;62,35;-207,37;0,02;-0,2
63171;63,43;-208,52;0,01;-0,3
63203;64,78;-209,19;0,01;-0,3
63233;67,21;-207,67;0,01;-0,3
63268;68,55;-206,32;0,01;-0,1
63295;68,16;-206,49;0,01;-0,4
63331;68,35;-209,14;0,01;0,2
63380;69,51;-207,84;0,01;-0,1
63411;70,18;-207,84;0,01;-0,2
63437;70,18;-207,84;0,01;-0,2
63471;69,79;-206,66;0,01;-0,2
63506;70,17;-205,12;0,01;-0,3
63536;69,8;-206,69;0,01;-0,2
63568;70,48;-208,72;0,01;-0,1
63598;69,8;-208,04;0,01;-0,1
63632;69,8;-208,04;0,01;-0,1
63664;69,8;-207,37;0,01;-0,2
63694;70,47;-205,98;0,01;-0,2
63728;71,16;-208,04;0,01;-0,1
63760;70,85;-207,14;0,01;-0,4
63810;70,47;-209,37;0,01;-0,4
63842;70,84;-207,11;0,01;-0,4
63876;69,88;-205,6;0,01;-0,4
63910;67,47;-207,14;0,01;-0,1
63937;63,43;-207,84;0,01;-0,2
63973;61,14;-208,96;0,01;-0,2
64002;59,13;-208,96;0,01;-0,3
64044;57,11;-208,29;0,01;-0,3
64065;57,11;-207,61;0,01;-0,2
64097;56;-207,81;0,01;0
64123;57,11;-208,29;0,01;-0,2
64162;56,68;-209,84;0,01;-0,2
64196;55,56;-210,73;0,01;-0,3
64243;56,68;-209,19;0,01;-0,4
64275;56,01;-208,52;0,01;0,1
64306;58,03;-208,52;0,01;-0,3
64341;60,06;-208,52;0,01;-0,3
64368;60,06;-209,19;0,01;-0,4
64403;60,06;-209,19;0,01;-0,5
64433;59,63;-208,72;0,01;-0,2
64469;59,38;-208,52;0,01;-0,4
64495;59,39;-208,54;0,01;-0,4
64525;61,41;-209,22;0,01;-0,3
64556;60,83;-211,9;0,01;-0,2
64588;64,51;-207,64;0,01;-0,2
64619;63,85;-207,67;0,01;-0,2
64675;63,85;-208,34;0,01;-0,1
64705;63,85;-208,34;0,01;-0,1
64740;63,84;-208,99;0,01;-0,1
64770;63,17;-208,31;0,01;-0,2
64802;62,61;-210,97;0,01;-0,3
64835;62,61;-210,97;0,01;-0,5
64867;63,57;-207,44;0,01;-0,3
64897;-1;-1;0,01;-0,2
64931;63,02;-211,43;0,01;-0,2
64963;64,24;-209,45;0,01;-0,2
64996;64,64;-207,91;0,01;-0,4
65049;63,42;-210,51;0,01;-0,2
65066;63,57;-209,45;0,01;-0,2
65100;64,24;-209,45;0,01;-0,3
65132;64,63;-208,55;0,01;-0,4
65169;64,63;-208,55;0,01;-0,2
65204;65,31;-208,58;0,01;0,3
65234;65,7;-207,05;0,01;-0,3
65268;64,78;-210,54;0,01;-0,3
65297;66,63;-208,55;0,01;-0,4
65328;65,05;-212,08;0,01;-0,3
65364;66,12;-211,86;0,01;-0,4
65397;67,01;-207,66;0,01;-0,2
65425;68,33;-207,66;0,01;-0,2
65459;67,67;-207,66;0,01;-0,4
65490;66,51;-210,27;0,01;-0,4
65539;68,33;-208,98;0,01;-0,2
65568;67,18;-210,94;0,01;-0,2
65605;68,7;-207,43;0,01;-0,1
65633;68,7;-206,77;0,01;-0,4
65666;68,99;-207,62;0,01;-0,3
65699;68,51;-210,91;0,01;-0,2
65728;68,5;-210,87;0,01;-0,5
65764;68,03;-207,39;0,01;-0,3
65794;65,39;-208,05;0,01;-0,1
65826;64,73;-208,05;0,01;-0,3
65860;64,73;-208,71;0,01;-0,4
65892;65,39;-208,05;0,01;-0,3
65923;66,05;-208,71;0,01;0
65970;66,05;-208,71;0,01;-0,2
66004;65,39;-208,05;0,01;-0,3
66034;66,05;-208,05;0,01;-0,1
66066;66,05;-207,39;0,01;-0,2
66099;66,05;-208,05;0,01;-0,2
66138;66,05;-207,39;0,01;-0,1
66159;-1;-1;0,01;-0,1
66193;66,05;-207,39;0,01;-0,3
66226;66,71;-206,73;0,01;-0,3
66255;68,03;-207,39;0,01;-0,2
66285;68,69;-206,73;0,01;-0,3
66322;70,01;-206,07;0,02;0,1
66369;-1;-1;0,01;-0,5
66399;73,97;-206,73;0,01;-0,6
66432;-1;-1;0,02;-0,6
66466;73,31;-207,39;0,01;-0,2
66499;70,01;-208,05;0,01;-0,5
66529;72,65;-207,39;0,01;-0,2
66564;-1;-1;0,01;-0,2
66595;72,65;-207,39;0,01;-0,3
66626;71,33;-206,73;0,01;-0,2
66658;-1;-1;0,01;-0,3
66695;69,35;-208,05;0,01;-0,3
66721;66,19;-209,94;0,01;-0,4
66757;66,98;-208,25;0,01;-0,2
66802;66,05;-206,73;0,01;-0,5
66836;66,97;-207,54;0,01;-0,3
66866;66,98;-207,58;0,01;0
66898;66,32;-208,25;0,01;-0,5
66929;66,61;-209,15;0,01;-0,3
66964;67;-207,62;0,01;-0,1
66995;70,62;-208,52;0,01;-0,5
67025;-1;-1;0,01;-0,1
67060;81,28;-207,19;0,01;-0,1
67095;85,94;-205,86;0,01;-0,4
67120;-1;-1;0,01;-0,1
67156;-1;-1;0,01;-0,2
67186;84,62;-205,89;0,01;-0,3
67235;-1;-1;0,01;-0,2
67266;-1;-1;0,01;-0,1
67298;-1;-1;0,01;-0,2
67330;70,63;-209,22;0,01;-0,3
67360;-1;-1;0,01;0,1
67396;69,58;-209,42;0,01;-0,1
67425;-1;-1;0,01;-0,3
67461;-1;-1;0,01;-0,4
67488;69,57;-207,38;0,01;-0,3
67524;68,91;-208,05;0,01;-0,2
67561;67,27;-207,82;0,01;-0,2
67583;68,24;-209,39;0,01;-0,4
67620;-1;-1;0,01;-0,2
67667;68,22;-208,02;0,01;-0,2
67699;68,51;-208,22;0,01;-0,2
67728;-1;-1;0,01;-0,1
67763;69,09;-209,98;0,01;-0,3
67793;68,89;-211,49;0,01;-0,3
67827;71,12;-208,63;0,01;-0,1
67860;70,27;-211,49;0,01;-0,1
67890;-1;-1;0,01;-0,3
67924;69,89;-213,13;0,01;-0,1
67962;-1;-1;0,01;-0,2
67984;71,35;-208,56;0,01;-0,2
68018;71,66;-209,46;0,01;-0,3
68051;71,66;-209,46;0,01;-0,4
68100;72,35;-209,46;0,01;-0,2
68130;71,98;-210,4;0,01;-0,2
68165;71,97;-209,67;0,01;-0,2
68192;72,64;-209,63;0,01;-0,2
68226;73,34;-210,32;0,01;0,1
68260;69,39;-213,09;0,01;-0,3
68292;69,17;-210,97;0,01;-0,3
68327;67,11;-211,71;0,01;-0,4
68352;67,11;-211,02;0,01;-0,1
68384;67,11;-211,02;0,01;-0,4
68419;66,42;-211,02;0,01;-0,4
68485;67,11;-211,71;0,01;-0,2
68504;67,11;-211,71;0,01;-0,3
68528;67,4;-212,63;0,01;-0,4
68564;67,11;-211,02;0,01;-0,3
68594;68,1;-211,24;0,01;-0,3
68627;69,88;-211,02;0,01;-0,4
68658;-1;-1;0,01;-0,4
68691;69,88;-211,02;0,01;-0,5
68723;71,95;-210,32;0,01;-0,3
68754;74,35;-210,54;0,01;-0,2
68786;76,1;-209,63;0,01;-0,3
68816;79,23;-210,58;0,01;-0,4
68883;-1;-1;0,01;-0,1
68901;-1;-1;0,01;-0,3
68922;90,63;-206,87;0,01;-0,3
68965;-1;-1;0,01;-0,1
68994;96,86;-205,48;0,01;-0,3
69028;96,17;-205,48;0,01;-0,2
69060;96,86;-205,48;0,01;-0,2
69092;96,84;-205,44;0,01;-0,3
69124;97,11;-204,55;0,01;-0,5
69154;96,15;-206,13;0,01;-0,4
69185;-1;-1;0,01;-0,4
69218;85,77;-206,82;0,01;-0,5
69283;-1;-1;0,01;-0,3
69315;66,13;-208,73;0,01;-0,3
69338;66,13;-208,73;0,01;-0,4
69354;61,3;-209,38;0,01;-0,3
69396;58,1;-212,35;0,01;-0,4
69430;57,41;-213,05;0,01;-0,5
69457;56,48;-212,13;0,01;-0,3
69491;56,48;-212,82;0,01;-0,3
69525;57,61;-212,59;0,01;-0,3
69561;56,48;-212,82;0,01;-0,2
69584;57,16;-212,82;0,01;-0,2
69620;56,48;-212,82;0,01;-0,5
69682;-1;-1;0,01;-0,4
69713;-1;-1;0,01;-0,2
69745;-1;-1;0,01;-0,2
69759;-1;-1;0,01;-0,2
69774;77,83;-209,38;0,01;-0,3
69827;77,83;-209,38;0,01;-0,3
69860;78,52;-210,06;0,01;-0,3
69891;77,09;-214,44;0,01;-0,4
69923;77,83;-210,75;0,01;-0,3
69957;77,81;-210,02;0,01;-0,3
69985;76,12;-209,16;0,01;-0,4
70020;74,66;-212,81;0,01;-0,4
70083;75,42;-210,49;0,01;-0,3
70116;73,73;-209,59;0,01;-0,3
70143;73,36;-210,49;0,01;-0,3
70181;73,07;-210,32;0,01;-0,3
70196;73,07;-210,32;0,01;-0,2
70225;72,37;-210,27;0,01;0
70259;71,68;-210,96;0,01;-0,1
70291;71,38;-211,42;0,01;-0,3
70324;73,05;-212,32;0,01;-0,2
70355;-1;-1;0,01;-0,3
70386;71,38;-210,74;0,01;-0,3
70418;71,36;-210,69;0,01;-0,4
70483;72,37;-212,32;0,01;-0,3
70515;73,73;-211,64;0,01;-0,2
70544;79,17;-210,22;0,01;-0,3
70578;84,28;-207,97;0,01;-0,2
70605;84,63;-209,54;0,01;-0,4
70637;84,63;-209,54;0,01;-0,4
70652;84,63;-208,17;0,01;-0,2
70686;85,32;-209,54;0,01;-0,1
70715;85,34;-209,59;0,01;-0,2
70755;-1;-1;0,01;-0,3
70788;84,33;-209,8;0,01;-0,3
70818;83,27;-208,17;0,01;-0,3
70882;81,57;-210,44;0,01;-0,3
70915;81,9;-209,54;0,01;-0,1
70946;81,24;-209,59;0,01;-0,2
70977;80,2;-207,29;0,01;-0,3
71012;81,22;-208,86;0,01;0,1
71044;80,54;-209,54;0,01;-0,2
71068;80,54;-209,54;0,01;-0,3
71086;81,22;-210,22;0,01;-0,2
71123;81,56;-210,01;0,01;-0,2
71161;82,59;-209,54;0,01;-0,2
71185;84,28;-208,65;0,01;-0,3
71218;85,66;-208,02;0,01;-0,2
71283;84,04;-213,92;0,01;-0,5
71316;86,29;-209,28;0,01;-0,3
71347;85,61;-208,6;0,01;-0,4
71379;85,61;-208,6;0,01;-0,2
71412;86,32;-207,97;0,01;-0,4
71444;-1;-1;0,01;-0,3
71475;86,97;-208,6;0,01;-0,3
71494;86,97;-208,6;0,01;-0,3
71519;86,6;-208,39;0,01;0
71555;83,9;-209,07;0,01;-0,1
71583;-1;-1;0,01;-0,3
71619;76,46;-209,07;0,01;-0,2
71682;75,78;-209,75;0,01;-0,6
71715;73,75;-210,42;0,01;0
71746;74,43;-210,42;0,01;-0,3
71780;73,07;-211,1;0,01;-0,5
71809;-1;-1;0,01;0,1
71844;68,34;-211,1;0,01;-0,2
71875;68,05;-210,89;0,01;-0,3
71908;67,64;-211,72;0,01;-0,3
71922;67,64;-211,72;0,01;-0,2
71955;64,68;-211,56;0,01;0,2
71986;-1;-1;0,01;-0,3
72021;64,68;-210,89;0,01;-0,1
72084;-1;-1;0,01;-0,4
72114;-1;-1;0,01;-0,3
72149;86,91;-208,19;0,01;-0,3
72175;-1;-1;0,01;-0,3
72212;-1;-1;0,01;-0,5
72241;85,57;-208,19;0,01;-0,3
72277;-1;-1;0,01;-0,4
72307;-1;-1;0,01;-0,4
72339;-1;-1;0,01;-0,3
72363;-1;-1;0,01;-0,4
72382;-1;-1;0,01;-0,4
72421;-1;-1;0,01;-0,1
72483;-1;-1;0,01;-0,2
72516;-1;-1;0,01;0
72544;-1;-1;0,01;-0,3
72579;-1;-1;0,01;-0,3
72611;-1;-1;0,01;-0,2
72642;-1;-1;0,01;-0,4
72675;-1;-1;0,01;-0,4
72709;-1;-1;0,01;-0,1
72737;-1;-1;0,01;-0,3
72774;-1;-1;0,01;0
72789;-1;-1;0,01;-0,4
72826;-1;-1;0,01;-0,2
72883;-1;-1;0,01;-0,3
72915;-1;-1;0,01;-0,5
72947;-1;-1;0,01;-0,1
72978;-1;-1;0,01;-0,1
73011;-1;-1;0,01;-0,2
73045;-1;-1;0,01;-0,2
73073;-1;-1;0,01;-0,6
73107;-1;-1;0,01;-0,2
73140;-1;-1;0,01;-0,2
73173;-1;-1;0,01;-0,3
73190;-1;-1;0,01;-0,3
73208;-1;-1;0,01;-0,3
73284;-1;-1;0,01;-0,2
73316;-1;-1;0,01;-0,4
73347;-1;-1;0,01;-0,3
73381;-1;-1;0,01;-0,2
73409;-1;-1;0,01;-0,6
73444;-1;-1;0,01;-0,3
73474;-1;-1;0,02;-0,3
73504;-1;-1;0,01;-0,3
73541;-1;-1;0,01;-0,2
73568;-1;-1;0,01;-0,5
73605;-1;-1;0,01;0,1
73621;-1;-1;0,01;-0,1
73685;-1;-1;0,01;-0,3
73717;-1;-1;0,01;-0,3
73744;-1;-1;0,01;-0,2
73779;-1;-1;0,01;0
73812;-1;-1;0,01;-0,2
73843;-1;-1;0,01;-0,1
73874;-1;-1;0,01;-0,3
73910;-1;-1;0,01;-0,7
73937;-1;-1;0,01;-0,3
73970;-1;-1;0,01;-0,3
74004;-1;-1;0,01;-0,4
74035;-1;-1;0,01;-0,2
74068;-1;-1;0,01;-0,1
74114;-1;-1;0,01;-0,1
74145;-1;-1;0,01;-0,6
74178;-1;-1;0,01;-0,1
74211;-1;-1;0,01;-0,1
74240;-1;-1;0,01;-0,2
74275;-1;-1;0,01;-0,3
74307;-1;-1;0,01;-0,1
74339;-1;-1;0,01;-0,2
74370;-1;-1;0,01;-0,3
74399;-1;-1;0,01;-0,3
74434;-1;-1;0,01;-0,4
74468;-1;-1;0,01;0
74516;-1;-1;0,01;-0,1
74544;-1;-1;0,01;-0,3
74577;-1;-1;0,01;-0,2
74611;-1;-1;0,01;-0,3
74642;-1;-1;0,01;-0,2
74675;-1;-1;0,02;-0,3
74707;-1;-1;0,01;-0,2
74739;-1;-1;0,01;-0,4
74769;-1;-1;0,01;-0,4
74804;-1;-1;0,01;-0,4
74836;-1;-1;0,01;-0,2
74863;-1;-1;0,01;-0,3
74899;-1;-1;0,01;-0,1
74947;-1;-1;0,01;-0,4
74978;-1;-1;0,01;-0,2
75013;-1;-1;0,01;-0,4
75043;-1;-1;0,01;-0,3
75074;-1;-1;0,01;-0,3
75101;-1;-1;0,01;-0,3
75135;-1;-1;0,01;-0,5
75171;-1;-1;0,01;-0,4
75200;-1;-1;0,01;-0,1
75231;-1;-1;0,01;0,1
75264;-1;-1;0,01;-0,3
75293;-1;-1;0,01;-0,1
75327;-1;-1;0,01;-0,4
75377;-1;-1;0,01;-0,2
75408;-1;-1;0,01;-0,4
75437;-1;-1;0,01;-0,4
75471;-1;-1;0,01;-0,3
75505;-1;-1;0,01;-0,2
75536;-1;-1;0,01;-0,2
75565;-1;-1;0,01;-0,5
75598;-1;-1;0,01;-0,2
75633;-1;-1;0,01;-0,1
75664;-1;-1;0,01;0
75697;-1;-1;0,01;-0,4
75726;-1;-1;0,01;-0,2
75758;-1;-1;0,01;-0,1
75803;-1;-1;0,01;-0,2
75836;-1;-1;0,01;-0,2
75867;-1;-1;0,02;-0,3
75901;-1;-1;0,01;-0,4
75935;-1;-1;0,01;-0,2
75965;-1;-1;0,01;-0,5
75997;-1;-1;0,01;-0,3
76028;-1;-1;0,01;-0,2
76061;-1;-1;0,01;-0,2
76095;-1;-1;0,01;-0,3
76124;-1;-1;0,01;-0,2
76155;-1;-1;0,01;0
76189;-1;-1;0,01;-0,3
76236;-1;-1;0,01;-0,1
76272;-1;-1;0,01;-0,2
76305;-1;-1;0,01;-0,2
76333;-1;-1;0,01;-0,2
76369;-1;-1;0,01;0
76401;-1;-1;0,01;0,1
76430;-1;-1;0,01;-0,1
76463;-1;-1;0,01;-0,2
76495;-1;-1;0,01;-0,4
76529;-1;-1;0,02;0
76559;-1;-1;0,01;-0,4
76595;-1;-1;0,01;-0,3
76621;-1;-1;0,01;-0,2
76673;-1;-1;0,01;-0,2
76705;-1;-1;0,01;-0,4
76733;-1;-1;0,01;-0,4
76769;-1;-1;0,01;-0,5
76799;-1;-1;0,01;-0,4
76829;-1;-1;0,01;-0,2
76865;-1;-1;0,01;0,1
76896;-1;-1;0,01;-0,3
76925;-1;-1;0,01;-0,2
76956;-1;-1;0,01;-0,3
76990;-1;-1;0,01;-0,2
77020;-1;-1;0,01;-0,3
77060;-1;-1;0,01;-0,4
77105;-1;-1;0,01;-0,2
77135;-1;-1;0,01;-0,3
77166;-1;-1;0,01;-0,3
77200;-1;-1;0,01;-0,2
77232;-1;-1;0,01;-0,1
77265;-1;-1;0,01;-0,5
77298;-1;-1;0,01;-0,2
77331;-1;-1;0,01;-0,3
77362;-1;-1;0,01;-0,3
77395;-1;-1;0,01;-0,4
77428;-1;-1;0,01;-0,3
77460;-1;-1;0,01;-0,2
77492;-1;-1;0,01;-0,3
77540;-1;-1;0,01;-0,4
77571;-1;-1;0,01;-0,3
77607;-1;-1;0,01;0,1
77635;-1;-1;0,01;-0,2
77666;-1;-1;0,01;-0,3
77696;-1;-1;0,01;-0,1
77729;-1;-1;0,01;-0,4
77761;-1;-1;0,01;-0,1
77795;-1;-1;0,01;-0,2
77825;-1;-1;0,01;-0,4
77859;-1;-1;0,01;-0,4
77891;-1;-1;0,01;-0,6
77920;-1;-1;0,01;-0,1
77970;-1;-1;0,01;-0,3
78003;-1;-1;0,01;-0,3
78036;-1;-1;0,01;-0,4
78065;-1;-1;0,01;-0,1
78098;-1;-1;0,01;-0,3
78132;-1;-1;0,01;-0,4
78163;-1;-1;0,01;-0,3
78198;-1;-1;0,01;-0,1
78228;-1;-1;0,01;-0,4
78260;-1;-1;0,01;-0,2
78293;-1;-1;0,01;0
78326;-1;-1;0,01;-0,1
78371;-1;-1;0,01;-0,2
78404;-1;-1;0,01;-0,4
78443;-1;-1;0,01;-0,3
78472;-1;-1;0,01;-0,3
78503;-1;-1;0,01;-0,3
78538;-1;-1;0,01;-0,2
78562;-1;-1;0,01;-0,3
78596;-1;-1;0,01;-0,3
78626;-1;-1;0,01;-0,6
78660;-1;-1;0,01;-0,3
78691;-1;-1;0,01;-0,2
78725;-1;-1;0,01;-0,3
78756;-1;-1;0,01;-0,2
78802;-1;-1;0,01;-0,3
78839;-1;-1;0,01;-0,2
78870;-1;-1;0,01;-0,3
78901;-1;-1;0,01;-0,3
78933;-1;-1;0,01;-0,3
78965;-1;-1;0,01;-0,3
78997;-1;-1;0,01;-0,2
79028;-1;-1;0,01;-0,1
79062;-1;-1;0,01;0
79092;-1;-1;0,01;-0,2
79127;-1;-1;0,01;-0,3
79161;-1;-1;0,01;-0,3
79191;-1;-1;0,01;-0,1
79238;-1;-1;0,01;-0,2
79268;-1;-1;0,01;-0,3
79300;-1;-1;0,01;-0,5
79332;-1;-1;0,01;0,1
79364;-1;-1;0,01;-0,1
79396;-1;-1;0,01;-0,3
79430;-1;-1;0,01;-0,4
79462;-1;-1;0,01;-0,2
79494;-1;-1;0,01;0,1
79527;-1;-1;0,01;0,1
79559;-1;-1;0,01;-0,4
79589;-1;-1;0,01;-0,5
79621;-1;-1;0,01;-0,1
79671;-1;-1;0,01;-0,5
79700;-1;-1;0,02;-0,3
79735;-1;-1;0,01;-0,1
79766;-1;-1;0,01;-0,1
79798;-1;-1;0,01;-0,2
79831;-1;-1;0,01;-0,4
79862;-1;-1;0,01;0,1
79893;-1;-1;0,01;-0,4
79927;-1;-1;0,01;-0,1
79957;-1;-1;0,01;-0,2
79989;-1;-1;0,01;-0,2
80021;-1;-1;0,01;-0,2
80051;-1;-1;0,01;-0,3
80100;-1;-1;0,01;-0,5
80133;-1;-1;0,01;-0,4
80171;-1;-1;0,01;-0,1
80195;-1;-1;0,01;-0,3
80228;-1;-1;0,01;0
80262;-1;-1;0,01;-0,2
80292;-1;-1;0,01;-0,4
80325;-1;-1;0,01;-0,2
80356;-1;-1;0,01;-0,2
80387;-1;-1;0,01;-0,3
80420;-1;-1;0,01;-0,1
80483;-1;-1;0,01;-0,2
80497;-1;-1;0,01;-0,3
80532;-1;-1;0,01;-0,4
80562;-1;-1;0,01;-0,2
80593;-1;-1;0,01;-0,4
80626;-1;-1;0,01;-0,3
80659;-1;-1;0,01;-0,3
80694;-1;-1;0,01;-0,5
80723;-1;-1;0,01;-0,3
80757;-1;-1;0,01;-0,5
80788;-1;-1;0,01;-0,2
80820;-1;-1;0,01;-0,3
80882;-1;-1;0,01;-0,3
80896;-1;-1;0,01;-0,2
80914;-1;-1;0,01;-0,3
80961;-1;-1;0,01;-0,4
80993;-1;-1;0,01;-0,4
81025;-1;-1;0,01;-0,2
81059;-1;-1;0,01;-0,5
81089;-1;-1;0,01;-0,4
81122;-1;-1;0,01;-0,5
81154;-1;-1;0,01;-0,4
81187;-1;-1;0,01;-0,4
81219;-1;-1;0,01;-0,1
81280;-1;-1;0,01;-0,2
81312;-1;-1;0,01;-0,4
81327;-1;-1;0,01;-0,3
81343;-1;-1;0,01;-0,3
81392;-1;-1;0,01;-0,2
81424;-1;-1;0,01;-0,3
81456;-1;-1;0,01;-0,3
81488;-1;-1;0,01;-0,2
81520;-1;-1;0,01;0,1
81552;-1;-1;0,01;-0,2
81584;-1;-1;0,01;-0,4
81618;-1;-1;0,01;-0,3
81681;-1;-1;0,01;-0,3
81711;-1;-1;0,01;-0,1
81744;-1;-1;0,01;-0,4
81762;-1;-1;0,01;0
81774;-1;-1;0,01;-0,3
81824;-1;-1;0,01;-0,4
81853;-1;-1;0,01;-0,2
81887;-1;-1;0,01;-0,4
81919;-1;-1;0,01;-0,2
81951;-1;-1;0,01;-0,2
81982;-1;-1;0,01;-0,1
82017;-1;-1;0,01;-0,3
82079;-1;-1;0,01;-0,4
82111;-1;-1;0,01;-0,1
82144;-1;-1;0,01;-0,3
82176;-1;-1;0,01;-0,4
82191;-1;-1;0,01;-0,3
82209;-1;-1;0,01;-0,4
82256;-1;-1;0,01;-0,5
82286;-1;-1;0,01;-0,2
82320;-1;-1;0,01;-0,6
82351;-1;-1;0,01;-0,4
82384;-1;-1;0,01;-0,3
82416;-1;-1;0,01;-0,2
82478;-1;-1;0,01;-0,3
82511;-1;-1;0,01;-0,2
82544;-1;-1;0,01;-0,1
82578;-1;-1;0,01;-0,4
82611;-1;-1;0,01;-0,4
82629;-1;-1;0,01;-0,3
82646;-1;-1;0,01;-0,3
82692;-1;-1;0,01;-0,1
82723;-1;-1;0,01;-0,1
82756;-1;-1;0,01;-0,1
82791;-1;-1;0,01;-0,3
82820;-1;-1;0,01;-0,1
82881;-1;-1;0,01;-0,4
82914;-1;-1;0,01;-0,3
82947;-1;-1;0,01;-0,1
82979;-1;-1;0,01;-0,3
83013;-1;-1;0,01;-0,1
83044;-1;-1;0,01;0,1
83064;-1;-1;0,01;-0,2
83083;-1;-1;0,01;-0,6
83125;-1;-1;0,01;0,1
83155;-1;-1;0,01;-0,4
83187;-1;-1;0,01;-0,1
83224;-1;-1;0,01;-0,5
83284;-1;-1;0,01;-0,3
83312;-1;-1;0,01;-0,4
83347;-1;-1;0,01;-0,2
83378;-1;-1;0,01;-0,1
83410;-1;-1;0,01;0
83443;-1;-1;0,01;-0,1
83474;-1;-1;0,01;-0,1
83492;-1;-1;0,01;-0,5
83509;-1;-1;0,01;-0,4
83552;-1;-1;0,01;-0,3
83586;-1;-1;0,01;-0,5
83617;-1;-1;0,01;-0,3
83680;-1;-1;0,01;-0,4
83714;-1;-1;0,01;-0,4
83746;-1;-1;0,01;-0,4
83780;-1;-1;0,01;-0,2
83809;-1;-1;0,01;-0,2
83841;-1;-1;0,01;-0,2
83874;-1;-1;0,01;-0,3
83906;-1;-1;0,01;-0,4
83925;-1;-1;0,01;-0,2
83938;-1;-1;0,01;-0,2
83984;-1;-1;0,01;-0,3
84015;-1;-1;0,01;-0,1
84079;-1;-1;0,01;-0,2
84110;-1;-1;0,01;-0,5
84143;-1;-1;0,01;-0,2
84173;-1;-1;0,01;-0,3
84208;-1;-1;0,01;-0,2
84246;-1;-1;0,01;-0,3
84275;-1;-1;0,01;-0,4
84307;-1;-1;0,01;-0,2
84341;-1;-1;0,01;-0,4
84361;-1;-1;0,01;-0,2
84389;-1;-1;0,01;-0,2
84423;-1;-1;0,01;-0,6
84483;-1;-1;0,01;-0,2
84514;-1;-1;0,01;-0,2
84549;-1;-1;0,01;-0,2
84581;-1;-1;0,01;-0,4
84613;-1;-1;0,01;-0,3
84646;-1;-1;0,02;-0,1
84678;-1;-1;0,01;-0,2
84712;-1;-1;0,01;-0,4
84741;-1;-1;0,01;-0,2
84773;-1;-1;0,01;-0,5
84793;-1;-1;0,01;-0,4
84822;-1;-1;0,01;-0,3
84884;-1;-1;0,01;-0,2
84917;-1;-1;0,01;-0,3
84951;-1;-1;0,01;-0,3
84982;-1;-1;0,01;-0,3
85012;-1;-1;0,01;-0,4
85046;-1;-1;0,01;0,1
85079;-1;-1;0,01;-0,2
85109;-1;-1;0,01;-0,4
85143;-1;-1;0,01;-0,6
85174;-1;-1;0,01;-0,2
85195;-1;-1;0,01;-0,3
85216;-1;-1;0,01;-0,5
85290;-1;-1;0,01;-0,2
85316;-1;-1;0,01;-0,2
85349;-1;-1;0,01;-0,2
85380;-1;-1;0,01;-0,2
85412;-1;-1;0,01;-0,3
85445;-1;-1;0,01;0
85477;-1;-1;0,01;-0,1
85510;-1;-1;0,01;-0,3
85541;-1;-1;0,01;-0,5
85574;-1;-1;0,01;0
85607;-1;-1;0,01;-0,3
85627;-1;-1;0,01;-0,2
85685;-1;-1;0,01;-0,3
85717;-1;-1;0,01;-0,2
85748;-1;-1;0,01;-0,3
85782;-1;-1;0,01;-0,2
85815;-1;-1;0,01;0
85846;-1;-1;0,01;-0,3
85879;-1;-1;0,01;-0,3
85909;-1;-1;0,01;-0,3
85941;-1;-1;0,01;-0,2
85972;-1;-1;0,01;-0,4
86006;-1;-1;0,01;-0,3
86037;-1;-1;0,01;-0,4
86070;-1;-1;0,01;-0,2
86116;-1;-1;0,01;-0,5
86148;-1;-1;0,01;-0,3
86181;-1;-1;0,01;-0,2
86213;-1;-1;0,01;0
86242;-1;-1;0,01;-0,3
86278;-1;-1;0,01;-0,3
86306;-1;-1;0,01;-0,2
86339;-1;-1;0,01;-0,2
86372;-1;-1;0,01;-0,3
86402;-1;-1;0,01;-0,3
86434;-1;-1;0,01;-0,3
86467;-1;-1;0,01;-0,4
86497;-1;-1;0,01;-0,3
86544;-1;-1;0,01;-0,2
86576;-1;-1;0,01;-0,2
86608;-1;-1;0,01;-0,4
86642;-1;-1;0,01;-0,4
86672;-1;-1;0,01;-0,2
86707;-1;-1;0,01;-0,6
86736;-1;-1;0,01;-0,2
86769;-1;-1;0,01;-0,3
86801;-1;-1;0,01;-0,2
86832;-1;-1;0,01;-0,1
86863;-1;-1;0,01;-0,2
86895;-1;-1;0,01;-0,1
86928;-1;-1;0,01;-0,6
86975;-1;-1;0,01;-0,1
87008;-1;-1;0,01;-0,3
87041;-1;-1;0,01;-0,3
87071;-1;-1;0,01;-0,2
87104;-1;-1;0,01;-0,2
87136;-1;-1;0,01;-0,4
87168;-1;-1;0,01;-0,3
87197;-1;-1;0,01;-0,1
87230;-1;-1;0,01;-0,3
87261;-1;-1;0,01;-0,5
87293;-1;-1;0,01;-0,4
87326;-1;-1;0,01;-0,5
87360;-1;-1;0,01;0
87411;-1;-1;0,01;-0,2
87440;-1;-1;0,01;-0,2
87474;-1;-1;0,01;-0,1
87504;-1;-1;0,01;-0,2
87538;-1;-1;0,01;-0,4
87572;-1;-1;0,01;-0,3
87603;-1;-1;0,01;-0,3
87637;-1;-1;0,01;-0,5
87670;-1;-1;0,01;-0,5
87698;-1;-1;0,01;-0,3
87729;-1;-1;0,01;-0,4
87758;-1;-1;0,01;-0,3
87793;-1;-1;0,01;-0,4
87842;-1;-1;0,01;-0,5
87873;-1;-1;0,01;-0,2
87907;-1;-1;0,01;-0,3
87937;-1;-1;0,01;-0,1
87971;-1;-1;0,01;-0,3
88004;-1;-1;0,01;-0,2
88036;-1;-1;0,01;-0,3
88069;-1;-1;0,01;-0,3
88102;-1;-1;0,01;-0,2
88133;-1;-1;0,01;-0,2
88164;-1;-1;0,01;-0,4
